repo, bugs, ossf score, complex functions, total functions
xroche/httrack,1252,5.3,317,1269
systemd/systemd,1115,4.3,4334,12463
mitsuba-renderer/nanogui,1011,5.3,55,1061
baldurk/renderdoc,822,4.9,1180,10006
fontforge/fontforge,783,4.7,831,4465
performancecopilot/pcp,628,5.3,2077,12045
fltk/fltk,567,4.3,274,3017
RfidResearchGroup/proxmark3,503,4.3,1032,8540
isl-org/Open3D,446,5.3,59,744
YannickJadoul/Parselmouth,421,5.3,698,4373
OSGeo/gdal,414,4.3,2258,13711
0vercl0k/rp,390,4.3,102,1714
vslavik/poedit,372,5.3,498,4759
gphoto/libgphoto2,340,4.3,241,1729
USBhost/MX_FFmpeg,327,5.3,1213,6637
openwall/john,323,4.3,394,4007
ellson/MOTHBALLED-graphviz,323,4.3,519,3320
DynamoRIO/drmemory,284,5.3,811,5441
rizinorg/rizin,281,4.3,967,7448
casadi/casadi,262,4.3,298,3055
plugdata-team/plugdata,261,5.3,734,9460
csound/csound,254,4.3,511,4210
raysan5/raylib,253,4.3,157,1543
klaussilveira/qengine,243,5.3,815,6477
OpenDDS/OpenDDS,242,4.7,155,2423
hanwckf/rt-n56u,238,5.3,876,6025
cnr-isti-vclab/meshlab,237,4.3,406,3919
JACoders/OpenJK,236,4.3,643,5216
TASEmulators/fceux,226,5.3,232,3494
steveicarus/iverilog,222,4.3,398,4994
HarbourMasters/Shipwright,219,4.7,148,1434
coturn/coturn,217,4.3,217,1041
radareorg/radare2,216,5.3,801,5746
bluekitchen/btstack,212,4.3,610,13788
LiangliangNan/Easy3D,212,5.3,317,2785
adobe-type-tools/afdko,211,4.3,442,3763
wheybags/freeablo,208,5.3,1183,7922
ring-lang/ring,195,4.3,953,5657
Sneeds-Feed-and-Seed/sneedacity,193,4.3,623,4724
beefytech/Beef,191,5.3,279,1966
containers/crun,187,5.3,246,1066
Stichting-MINIX-Research-Foundation/minix,187,5.3,692,5328
taosdata/TDengine,186,5.3,1336,9252
PX4/PX4-Autopilot,184,4.3,2,381
pmq20/ruby-packer,172,5.3,276,1759
Ettercap/ettercap,172,4.9,195,1157
mit-biomimetics/Cheetah-Software,169,4.3,2,380
openMVG/openMVG,165,5.3,664,3597
kbengine/kbengine,165,5.3,1866,10232
fluent/fluent-bit,164,4.3,780,5802
unicode-org/icu,162,5.3,534,4567
WolfireGames/overgrowth,161,4.3,779,4065
sheredom/utf8.h,157,5.3,44,314
coronalabs/corona,156,4.3,451,4572
jpd002/Play-,155,4.3,995,11861
yasm/yasm,154,5.3,133,1117
dfranx/SHADERed,154,4.3,499,3545
bjornbytes/lovr,154,4.3,538,5674
kangjianwei/Data-Structure,150,4.9,76,2347
sleuthkit/sleuthkit,148,4.3,419,1909
eclipse-iceoryx/iceoryx,147,4.7,3,551
adishavit/argh,146,4.3,25,35
hoffstadt/DearPyGui,145,5.3,1552,13340
nmwsharp/polyscope,144,4.3,458,4933
dhewm/dhewm3,144,4.3,320,3785
eclipse/omr,143,4.3,394,3071
acl-dev/acl,143,4.3,261,4871
TTimo/doom3.gpl,141,4.3,118,526
erich666/GraphicsGems,140,4.7,124,1103
bitnine-oss/agensgraph,140,4.3,1176,5920
julius-speech/julius,139,5.3,98,825
ptitSeb/box64,137,4.3,339,5561
qcad/qcad,136,4.3,1261,9480
NREL/EnergyPlus,136,4.3,1133,7141
numberwolf/h265web.js,134,5.3,694,4299
Kitware/CMake,132,4.3,591,5478
espeak-ng/espeak-ng,131,4.3,104,501
tdlib/td,130,5.3,520,10242
microsoft/msix-packaging,129,5.3,1080,9591
lxc/lxc,129,5.3,133,637
postgres/postgres,128,5.3,3351,16112
google/sandboxed-api,127,5.3,479,7289
leo-arch/clifm,126,5.3,154,1024
MaJerle/stm32-usart-uart-dma-rx-tx,124,5.3,225,1820
bytecodealliance/wasm-micro-runtime,119,4.3,469,5330
OpenXRay/xray-16,119,4.3,145,2632
Kitware/VTK,119,5.3,311,1915
emscripten-core/emscripten,115,5.3,123,1243
pure-data/pure-data,114,4.3,203,2178
ptitSeb/box86,114,4.3,316,4519
DanBloomberg/leptonica,114,5.3,955,3927
apple/turicreate,113,4.3,646,6841
organicmaps/organicmaps,112,4.3,291,2669
nesbox/TIC-80,111,5.3,801,7471
Qihoo360/QConf,111,4.3,669,4131
Farama-Foundation/ViZDoom,110,4.7,464,4125
BoomingTech/Piccolo,110,5.3,462,7284
rui314/mold,109,4.3,592,3939
coin-or/Ipopt,108,4.3,88,791
WerWolv/ImHex,108,5.3,944,8595
TASEmulators/desmume,107,4.5,648,5948
joncampbell123/dosbox-x,106,5.3,579,4170
gcc-mirror/gcc,106,4.3,166,1249
SchedMD/slurm,106,5.3,632,2871
openvswitch/ovs,104,4.9,575,8412
mltframework/mlt,104,5.3,182,1613
InsightSoftwareConsortium/ITK,103,5.3,808,5082
Cisco-Talos/pyrebox,102,4.3,252,1062
seemoo-lab/nexmon,101,4.3,687,4095
acassen/keepalived,100,5.3,170,1363
mgerdes/Open-Golf,99,4.9,258,2159
catsout/wallpaper-engine-kde-plugin,99,4.3,518,3484
util-linux/util-linux,98,5.3,597,4042
openvenues/libpostal,98,5.3,58,362
gwaldron/osgearth,98,5.3,26,211
OpenBoardView/OpenBoardView,98,4.3,281,2547
tesseract-ocr/tesseract,97,4.3,228,2010
openocd-org/openocd,97,5.3,638,5139
syoyo/tinygltf,95,5.3,26,212
saghul/txiki.js,95,5.3,445,3681
raspberrypi/userland,94,4.3,381,2746
Kitware/ParaView,94,4.3,231,1573
DanielSWolf/rhubarb-lip-sync,93,5.3,305,2450
TorqueGameEngines/Torque3D,91,5.3,1018,7050
MayaPosch/NymphCast,91,5.3,587,3031
vifm/vifm,90,5.3,120,3650
open5gs/open5gs,89,4.9,1231,6553
vgmstream/vgmstream,87,5.3,194,1240
patriciogonzalezvivo/glslViewer,87,4.3,151,1612
cgsecurity/testdisk,86,4.3,161,1297
toggl-open-source/toggldesktop,83,5.3,511,7130
ponylang/ponyc,83,4.3,473,6154
lammps/lammps,83,4.3,523,2625
milkytracker/MilkyTracker,82,4.3,202,1849
netdata/netdata,81,5.3,1147,8803
mfem/mfem,81,4.3,290,1570
versatica/mediasoup,80,4.9,391,4059
tunabrain/tungsten,80,5.3,96,1280
raspberrypi/rpi-imager,80,5.3,689,4218
oNaiPs/droidVncServer,80,4.3,189,1215
liballeg/allegro5,80,5.3,219,2856
aseprite/aseprite,79,4.3,523,4670
confluentinc/librdkafka,78,4.8,334,1851
POV-Ray/povray,78,4.3,220,1324
F-Stack/f-stack,78,5.3,634,8157
sysstat/sysstat,77,4.3,106,668
networkupstools/nut,77,5.3,343,1817
varnishcache/varnish-cache,76,4.3,1314,2914
su2code/SU2,76,4.3,59,419
wjakob/nanogui,75,4.3,29,861
opentomb/OpenTomb,75,4.3,180,2546
galkahana/HummusJS,75,4.3,268,2453
fogleman/Craft,75,4.3,225,2427
CloudCompare/CloudCompare,75,4.7,221,974
google/filament,74,4.3,812,4791
GStreamer/gstreamer,74,5.3,2454,11877
distcc/distcc,73,4.3,65,502
Gargaj/Bonzomatic,73,4.3,175,1985
colmap/colmap,72,4.3,108,1568
git/git,71,4.3,728,9184
alibaba/AliOS-Things,70,4.3,701,5958
DeaDBeeF-Player/deadbeef,70,4.3,419,1793
lc-soft/LCUI,69,5.3,45,1001
0ad/0ad,69,4.3,246,1770
uclouvain/openjpeg,68,4.3,283,1854
moai/moai-dev,68,5.3,522,4623
colobot/colobot,67,5.3,263,2564
Aloshi/EmulationStation,67,4.3,52,1253
mstorsjo/fdk-aac,66,5.3,429,1786
ZLMediaKit/ZLMediaKit,66,5.3,208,5438
pineappleEA/pineapple-src,65,5.3,527,3170
LouisBrunner/valgrind-macos,65,5.3,925,7340
ipmitool/ipmitool,64,4.3,174,968
MRPT/mrpt,63,5.3,275,4312
gongminmin/KlayGE,62,4.3,460,4070
floooh/sokol,62,4.7,336,1389
capnproto/capnproto,62,4.3,272,4646
Sigil-Ebook/Sigil,62,5.3,570,4325
arangodb/arangodb,61,5.3,276,2470
wb2osz/direwolf,60,5.3,157,634
nfs-ganesha/nfs-ganesha,59,4.5,811,2883
libjpeg-turbo/libjpeg-turbo,58,5.3,110,645
cmusphinx/pocketsphinx,58,4.3,149,1210
LibVNC/libvncserver,58,5.3,79,492
linux-nvme/nvme-cli,57,5.3,117,1334
facebook/mysql-5.6,57,4.9,93,1059
coolsnowwolf/lede,57,4.3,86,437
SerenityOS/serenity,57,5.3,381,3513
ComodoSecurity/openedr,57,5.3,246,2413
projectM-visualizer/projectm,56,5.3,61,573
Blizzard/s2client-api,56,4.3,290,3122
ermig1979/Simd,55,4.3,57,474
dog-qiuqiu/MobileNet-Yolo,55,4.3,70,755
RoaringBitmap/CRoaring,55,5.3,50,686
root-project/root,54,4.3,929,13169
oneapi-src/oneTBB,54,4.3,41,309
ProtonVPN/android-app,54,4.3,667,3584
ppwwyyxx/OpenPano,53,4.3,29,280
php/php-src,53,5.3,904,2624
alliedmodders/sourcemod,53,5.3,133,625
jemalloc/jemalloc,52,4.3,358,3210
SRombauts/SQLiteCpp,52,4.3,438,3709
KhronosGroup/Vulkan-Samples,52,4.3,369,3105
yodaos-project/yodaos,51,5.3,233,2097
magiblot/tvision,51,4.3,32,805
DFHack/dfhack,51,4.3,269,4441
thedmd/imgui-node-editor,50,4.3,123,1165
supercollider/supercollider,50,4.3,124,2699
squid-cache/squid,50,4.3,685,5534
parallel101/course,50,4.3,20,953
linux-rdma/rdma-core,50,5.3,233,3809
azerothcore/azerothcore-wotlk,50,4.3,160,1817
axiomatic-systems/Bento4,50,5.3,109,1147
SoftEtherVPN/SoftEtherVPN,50,4.3,339,4558
seladb/PcapPlusPlus,49,4.3,140,1303
AcademySoftwareFoundation/openexr,49,4.3,242,1824
twitter/pelikan,48,5.3,404,1292
opentoonz/opentoonz,48,5.3,375,2181
davidmoreno/onion,48,4.3,82,440
curl/curl,48,4.3,336,1868
akumuli/Akumuli,47,4.3,24,488
ShadowsocksR-Live/shadowsocksr-native,47,4.7,260,2545
ylmbtm/GameProject3,46,5.3,824,16557
sumatrapdfreader/sumatrapdf,46,4.3,387,3280
alibaba/AliSQL,46,5.3,895,6040
openai/retro,45,5.3,230,2355
PureDarwin/PureDarwin,45,4.3,54,551
jgaeddert/liquid-dsp,44,5.3,7,632
hrydgard/ppsspp,44,4.5,497,4027
helloexp/0day,44,5.3,407,1752
glfw/glfw,44,4.3,40,538
facebookincubator/velox,44,4.3,41,706
ish-app/ish,43,4.3,29,787
cariboulabs/cariboulite,43,4.3,384,1230
nihui/waifu2x-ncnn-vulkan,42,5.3,332,2372
facebook/hermes,42,4.3,120,940
dankamongmen/notcurses,42,4.3,189,1085
soedinglab/MMseqs2,41,4.3,364,2148
nihui/realsr-ncnn-vulkan,41,5.3,333,2370
alandefreitas/matplotplusplus,41,4.3,40,611
WebAssembly/wabt,41,5.3,69,1379
Vita3K/Vita3K,41,4.3,199,2229
AtomicGameEngine/AtomicGameEngine,41,4.3,482,3786
vtil-project/VTIL-Core,40,5.3,244,3386
pmoulon/CMVS-PMVS,40,5.3,65,299
vlm/asn1c,39,4.3,128,404
pocoproject/poco,39,5.3,184,3188
perilouswithadollarsign/cstrike15_src,39,5.3,144,1621
moosefs/moosefs,39,4.3,468,1976
dibyendumajumdar/ravi,39,4.3,575,5495
GoSSIP-SJTU/Armariris,39,5.3,644,6347
0xnobody/vmpdump,39,4.3,241,3417
wiredtiger/wiredtiger,38,4.8,1263,3610
vipshop/redis-migrate-tool,38,4.3,168,1135
geany/geany,38,4.3,444,4635
can1357/NoVmp,38,4.3,243,3410
BespokeSynth/BespokeSynth,38,4.7,113,1840
yrnkrn/zapcc,37,5.3,550,5609
xelatihy/yocto-gl,37,5.3,111,871
smilehao/xlua-framework,37,4.3,91,1274
projectchrono/chrono,37,4.3,151,2315
mapsme/omim,37,4.3,136,1702
allinurl/goaccess,37,4.7,42,854
RavenSystem/esp-homekit-devices,37,4.9,404,3038
FirebirdSQL/firebird,37,4.3,89,978
ErosZy/WXInlinePlayer,37,5.3,116,802
surge-synthesizer/surge,36,5.3,479,5207
saki4510t/UVCCamera,36,5.3,104,549
iovisor/bcc,36,5.3,68,859
gosu/gosu,36,5.3,102,660
effekseer/Effekseer,36,5.3,36,759
cycfi/q,36,4.3,48,409
cisco/openh264,36,4.3,328,1575
athena-team/athena,36,4.3,90,1321
apache/brpc,36,4.3,173,2457
Sunzxyong/Tiny,36,4.3,105,551
paullouisageneau/libdatachannel,35,4.3,308,1898
koute/bytehound,35,4.3,164,1345
keystone-engine/keystone,35,4.7,152,2326
akai-katto/dandere2x,35,5.3,1,144
InteractiveComputerGraphics/SPlisHSPlasH,35,4.3,261,2092
GNOME/glib,35,4.3,1449,12257
xiph/flac,34,4.3,121,746
patrikhuber/eos,34,5.3,0,6
kungfu-origin/kungfu,34,5.3,180,1616
brainflow-dev/brainflow,34,4.3,59,1368
PixarAnimationStudios/OpenSubdiv,34,4.3,78,754
NVIDIA/libcudacxx,34,5.3,35,540
skyline-emu/skyline,33,4.9,325,4351
karlstav/cava,33,4.3,13,48
erincatto/box2d,33,4.3,110,1279
angband/angband,33,5.3,352,3252
TheAlgorithms/C,33,5.3,17,438
IoLanguage/io,33,4.3,49,890
chocolate-doom/chocolate-doom,32,4.3,288,3458
chenyahui/AnnotatedCode,32,4.3,356,2737
cemu-project/Cemu,32,4.3,398,5761
Blosc/c-blosc,32,4.3,179,1200
verilator/verilator,31,4.3,50,811
uTox/uTox,31,5.3,24,292
turanszkij/WickedEngine,31,5.3,553,5541
ossrs/srs,31,5.3,59,855
liuyubobobo/Play-Leetcode,31,4.3,26,1675
linux-test-project/ltp,31,5.3,82,2278
irontec/sngrep,31,4.3,25,278
gperftools/gperftools,31,4.3,59,855
doctest/doctest,31,4.3,25,410
USCiLab/cereal,31,5.3,3,26
ETLCPP/etl,31,4.3,2364,9307
symforce-org/symforce,30,5.3,38,862
nfrechette/acl,30,4.3,41,233
musescore/MuseScore,30,5.3,441,4681
melonDS-emu/melonDS,30,5.3,168,1802
megai2/d912pxy,30,5.3,8,12
lakinduakash/linux-wifi-hotspot,30,5.3,3,42
ketoo/NoahGameFrame,30,4.9,197,2544
jamulussoftware/jamulus,30,5.3,103,448
facebook/redex,30,4.3,1,44
elfmz/far2l,30,4.3,224,2307
citusdata/citus,30,4.3,621,3492
apple/swift-llbuild,30,4.3,128,1685
NVIDIA/Q2RTX,30,5.3,459,4295
FreeCAD/FreeCAD,30,5.3,163,2214
Ewenwan/MVision,30,4.3,38,277
rwengine/openrw,29,5.3,84,1029
pmp-library/pmp-library,29,5.3,179,1831
horsicq/DIE-engine,29,4.3,245,5289
bytedance/terarkdb,29,4.3,295,3993
berthubert/googerteller,29,5.3,2,20
KiCad/kicad-source-mirror,29,5.3,127,2766
DynamoRIO/dynamorio,29,5.3,574,4299
xtaci/algorithms,28,4.3,0,70
xiph/opus,28,4.3,102,449
libressl/portable,28,5.3,521,4852
libgit2/libgit2,28,5.3,544,6665
dvorka/hstr,28,4.3,16,78
davisking/dlib,28,4.3,464,3986
danmar/cppcheck,28,4.5,396,1984
alibaba/GCanvas,28,4.3,31,400
PowerDNS/pdns,28,4.3,260,2559
tmux/tmux,27,4.9,248,1957
supertuxkart/stk-code,27,5.3,220,1182
mtcp-stack/mtcp,27,4.3,100,851
loki-47-6F-64/sunshine,27,4.9,100,870
ardera/flutter-pi,27,4.3,29,306
aiekick/ImGuiFileDialog,27,5.3,152,1733
JoeyDeVries/LearnOpenGL,27,5.3,8,367
InteractiveComputerGraphics/PositionBasedDynamics,27,5.3,177,1683
vesoft-inc/nebula,26,5.3,32,875
swig/swig,26,4.9,290,1544
strukturag/libde265,26,4.3,65,525
paroj/gltut,26,5.3,59,1050
jacksonliam/mjpg-streamer,26,4.3,17,82
LiteOS/LiteOS,26,4.3,182,1487
p-gen/smenu,25,5.3,38,202
openbsd/src,25,4.3,153,3326
merbanan/rtl_433,25,5.3,96,949
lighttransport/nanort,25,5.3,8,35
kripken/ammo.js,25,4.9,86,909
Tencent/MMKV,25,4.3,40,1022
GarageGames/Torque2D,25,5.3,19,142
Blosc/bcolz,25,4.3,74,709
xoseperez/espurna,24,4.3,41,461
traildb/traildb,24,5.3,25,222
stepmania/stepmania,24,4.3,296,1890
peng-zhihui/Peak,24,5.3,36,174
mpromonet/v4l2rtspserver,24,5.3,114,1328
mixxxdj/mixxx,24,5.3,96,1509
mgba-emu/mgba,24,4.3,296,1890
kohler/gifsicle,24,5.3,41,320
ithewei/libhv,24,4.3,56,689
guanzhi/GmSSL,24,4.3,263,1604
felixguendling/cista,24,4.3,2,46
cuberite/cuberite,24,4.3,767,8120
WayneD/rsync,24,5.3,171,716
OpenAtomFoundation/TencentOS-tiny,24,5.3,19,1153
KhronosGroup/glslang,24,5.3,229,1344
ARMmbed/mbed-os,24,4.3,56,999
symengine/symengine,23,5.3,26,466
openssh/openssh-portable,23,4.3,256,2005
istoreos/istoreos,23,5.3,22,262
OSGeo/PROJ,23,4.3,55,779
LizardByte/Sunshine,23,4.9,57,671
CGAL/cgal,23,4.3,0,38
wondertrader/wondertrader,22,5.3,167,1867
simbody/simbody,22,4.3,126,1250
guillaumeblanc/ozz-animation,22,5.3,504,2619
google/re2,22,4.9,59,621
fossephate/JoyCon-Driver,22,4.3,182,1284
facebookresearch/habitat-sim,22,4.3,206,2227
cmu-db/bustub,22,4.3,130,1776
TrueBlocks/trueblocks-core,22,4.3,277,3688
Tencent/ncnn,22,4.3,217,932
FreeRDP/FreeRDP,22,5.3,262,1960
sustrik/libdill,21,4.3,43,521
sonic-pi-net/sonic-pi,21,5.3,532,6835
libretro/RetroArch,21,4.5,354,2379
google/sentencepiece,21,4.7,51,751
godlikepanos/anki-3d-engine,21,5.3,841,8611
facebookresearch/nle,21,4.3,754,3260
BinomialLLC/basis_universal,21,4.3,223,1211
sustrik/libmill,20,4.3,22,337
stedolan/jq,20,4.3,129,907
okbob/pspg,20,4.3,68,265
aircrack-ng/aircrack-ng,20,5.3,167,928
Tencent/libco,20,5.3,2,90
SOCI/soci,20,4.3,26,771
warmcat/libwebsockets,19,4.8,150,1189
simongog/sdsl-lite,19,4.3,39,157
septag/sx,19,4.3,18,236
pioneerspacesim/pioneer,19,4.3,155,1906
openppl-public/ppl.nn,19,5.3,203,3040
opencv/opencv,19,5.3,181,1401
olikraus/u8g2,19,5.3,10,651
nlohmann/json,19,5.3,79,314
nanomsg/nng,19,5.3,95,1684
micropython/micropython,19,4.7,241,2241
google/orbit,19,4.5,53,1134
arkdb/inception,19,5.3,20,435
apache/trafficserver,19,5.3,568,4721
abseil/abseil-cpp,19,5.3,49,1037
Syllo/nvtop,19,4.3,34,141
Snaipe/Criterion,19,4.3,75,475
Smorodov/Multitarget-tracker,19,5.3,103,966
OpenVPN/openvpn,19,5.3,438,1515
LibrePCB/LibrePCB,19,5.3,70,1250
FLIF-hub/FLIF,19,4.3,42,239
DaveGamble/cJSON,19,4.3,17,239
wenet-e2e/wenet,18,4.3,202,2198
vinniefalco/LuaBridge,18,4.8,41,1800
unicorn-engine/unicorn,18,4.3,10,255
tfussell/xlnt,18,4.3,536,4858
particle-iot/device-os,18,5.3,29,652
nanocurrency/nano-node,18,4.3,59,1053
martinus/robin-hood-hashing,18,5.3,31,154
marcobambini/gravity,18,5.3,81,751
libimobiledevice/ideviceinstaller,18,5.3,4,11
k4zmu2a/SpaceCadetPinball,18,5.3,143,1310
iNavFlight/inav,18,5.3,13,106
glennrp/libpng,18,5.3,265,1683
generalized-intelligence/GAAS,18,4.3,76,501
flutter/codelabs,18,4.3,2565,11502
boazsegev/facil.io,18,4.3,26,486
anbox/anbox,18,4.3,19,640
Themaister/Granite,18,4.3,683,6657
IntelRealSense/librealsense,18,4.5,147,2447
sass/node-sass,17,4.3,58,782
recastnavigation/recastnavigation,17,5.3,121,1100
quickfix/quickfix,17,4.3,90,1447
pytorch/glow,17,5.3,191,2084
prusa3d/PrusaSlicer,17,5.3,153,1053
pgRouting/pgrouting,17,5.3,99,455
openenclave/openenclave,17,5.3,13,180
nmap/nmap,17,5.3,119,950
mitsuba-renderer/mitsuba2,17,5.3,88,1043
homenc/HElib,17,5.3,31,749
facebook/zstd,17,4.3,446,2258
exaloop/codon,17,4.3,212,1574
LibreSprite/LibreSprite,17,5.3,544,4255
tmate-io/tmate,16,4.3,133,1094
scanlime/fadecandy,16,4.3,25,298
qicosmos/cinatra,16,4.3,1,58
pgbackrest/pgbackrest,16,5.3,649,2604
panda3d/panda3d,16,5.3,2,18
nmap/ncrack,16,5.3,38,566
libcpr/cpr,16,4.3,144,993
foonathan/memory,16,5.3,38,260
cisco/joy,16,4.3,94,725
audacity/audacity,16,4.7,39,577
Tracktion/tracktion_engine,16,4.3,0,38
Tencent/TNN,16,5.3,227,2137
TH3xACE/SUDO_KILLER,16,5.3,200,838
Project-OSRM/osrm-backend,16,4.7,121,1346
InoriRus/Kyty,16,5.3,333,2516
xournalpp/xournalpp,15,5.3,48,1613
wolkykim/qlibc,15,5.3,24,262
westes/flex,15,4.3,30,199
torproject/tor,15,5.3,2165,8061
stellar/stellar-core,15,4.3,86,976
posva/catimg,15,4.3,3,21
ossia/score,15,4.3,19,503
openthread/openthread,15,4.3,380,3084
libevent/libevent,15,4.3,403,1588
horsicq/XELFViewer,15,4.3,200,3879
canonical/raft,15,4.3,51,454
algorand/go-algorand,15,5.3,54,492
ValveSoftware/vogl,15,5.3,354,2659
SanderMertens/flecs,15,4.3,753,4233
Samsung/rlottie,15,4.3,22,438
GarageGames/Torque3D,15,4.3,296,1995
BrunoLevy/geogram,15,4.3,344,2385
werman/noise-suppression-for-voice,14,4.3,11,228
rubinius/rubinius,14,4.7,56,552
premake/premake-core,14,5.3,190,1363
nanomsg/nanomsg,14,5.3,78,525
microsoft/SEAL,14,5.3,125,999
letoram/arcan,14,5.3,18,186
grpc/grpc,14,5.3,99,2052
esnet/iperf,14,4.3,38,244
cryfs/cryfs,14,5.3,91,2423
cathugger/mkp224o,14,4.3,3,37
buaazp/zimg,14,4.3,39,343
TheTumultuousUnicornOfDarkness/CPU-X,14,4.3,27,350
NagyD/SDLPoP,14,5.3,80,706
IntelLabs/control-flag,14,5.3,10,86
Harvey-OS/harvey,14,5.3,16,100
DefTruth/lite.ai.toolkit,14,5.3,16,833
0intro/plan9,14,4.3,16,100
pangweiwei/slua,13,5.3,10,605
p-ranav/argparse,13,4.3,36,678
openxla/iree,13,5.3,271,1758
openjdk/jfx,13,5.3,277,1351
ntop/PF_RING,13,5.3,280,1594
martinus/nanobench,13,5.3,0,37
mariadb-corporation/MaxScale,13,5.3,62,207
linux-can/can-utils,13,5.3,48,207
joan2937/pigpio,13,5.3,82,396
janet-lang/janet,13,5.3,73,855
hunspell/hunspell,13,5.3,72,307
hackerschoice/gsocket,13,5.3,71,357
facebookresearch/ELF,13,4.3,15,245
electronicarts/EASTL,13,4.3,85,986
doxygen/doxygen,13,4.3,235,2862
digego/extempore,13,4.3,41,252
alibaba/MNN,13,4.3,304,3121
REDasmOrg/REDasm,13,4.3,158,2959
Bitcoin-ABC/bitcoin-abc,13,5.3,60,289
wangyu-/UDPspeeder,12,5.3,19,217
treefrogframework/treefrog-framework,12,5.3,42,345
toitlang/toit,12,5.3,448,3760
sourcey/libsourcey,12,4.3,186,1940
seemoo-lab/owl,12,4.3,9,143
rurban/smhasher,12,5.3,11,422
pmem/pmdk,12,5.3,14,163
nomacs/nomacs,12,5.3,44,1681
microsoft/mimalloc,12,4.3,6,273
memcached/memcached,12,5.3,114,576
lz4/lz4,12,4.3,43,369
lbryio/lbrycrd,12,5.3,35,154
jrouwe/JoltPhysics,12,5.3,163,1335
harfbuzz/harfbuzz,12,4.9,181,1011
godotengine/godot,12,4.3,909,9980
facebook/yoga,12,4.3,36,717
erwincoumans/tiny-differentiable-simulator,12,4.3,27,299
c3lang/c3c,12,4.3,255,1607
boostorg/beast,12,4.3,69,973
bitcoin-core/secp256k1,12,4.3,65,242
XRPLF/rippled,12,4.3,30,108
Tencent/xLua,12,5.3,32,1483
Roblox/luau,12,5.3,605,4458
RavenProject/Ravencoin,12,5.3,53,237
LiquidPlayer/LiquidCore,12,4.3,107,1173
AntiMicroX/antimicrox,12,4.3,88,1194
vergecurrency/verge,11,5.3,63,269
texstudio-org/texstudio,11,5.3,368,3647
taglib/taglib,11,4.7,31,605
sylefeb/Silice,11,5.3,126,3447
steemit/steem,11,4.3,87,862
rpng/open_vins,11,5.3,59,360
osandov/drgn,11,5.3,107,1178
metacall/core,11,4.3,23,702
lucasb-eyer/pydensecrf,11,5.3,4,10
libsdl-org/SDL,11,5.3,392,2639
kripken/BananaBread,11,5.3,14,74
kingToolbox/WindTerm,11,5.3,1097,6147
jonas/tig,11,4.3,50,642
google/tensorstore,11,5.3,368,4719
google/flatbuffers,11,5.3,132,1220
ggerganov/imtui,11,5.3,118,788
duncanthrax/scream,11,4.3,4,15
dogecoin/dogecoin,11,4.3,53,746
bitcoin/bitcoin,11,5.3,98,1335
avast/retdec,11,4.3,125,3653
SerenityOS/jakt,11,5.3,199,1371
Sapd/HeadsetControl,11,4.3,3,68
Mbed-TLS/mbedtls,11,4.3,236,1620
HardySimpson/zlog,11,4.3,16,169
Haivision/srt,11,5.3,59,619
ElementsProject/elements,11,4.7,84,886
BitFunnel/NativeJIT,11,5.3,18,227
AprilRobotics/apriltag,11,4.3,28,243
0vercl0k/wtf,11,4.3,8,323
yshui/picom,10,4.3,107,477
standardese/standardese,10,4.3,75,1071
rsyslog/rsyslog,10,4.3,382,1688
owntone/owntone-server,10,5.3,89,2261
mrc-ide/covid-sim,10,5.3,47,184
minetest/minetest,10,4.3,10,494
microsoft/cpprestsdk,10,5.3,227,1207
memononen/nanosvg,10,5.3,13,117
litehtml/litehtml,10,5.3,99,903
libsndfile/libsndfile,10,5.3,76,1090
kuba--/zip,10,5.3,20,76
kkos/oniguruma,10,5.3,100,594
greenplum-db/gpdb,10,5.3,27,2104
ggerganov/ggwave,10,5.3,99,793
danielkrupinski/Osiris,10,4.7,127,1185
atomvm/AtomVM,10,4.3,18,339
andlabs/libui,10,4.3,0,274
Tencent/sluaunreal,10,4.3,15,742
SuperTux/supertux,10,5.3,106,2802
Provenance-Emu/Provenance,10,4.3,133,853
BrunoLevy/learn-fpga,10,4.3,60,534
Bareflank/hypervisor,10,4.3,2,47
wangyu-/tinyfecVPN,9,5.3,11,109
ton-blockchain/ton,9,5.3,46,680
taviso/ctypes.sh,9,5.3,22,269
sqlitebrowser/sqlitebrowser,9,4.3,99,1557
skvadrik/re2c,9,5.3,61,427
shadowsocks/simple-obfs,9,5.3,31,245
schwabe/ics-openvpn,9,4.3,24,107
riscv-software-src/riscv-isa-sim,9,4.3,582,1250
oatpp/oatpp,9,5.3,41,631
nmathewson/libevent_obsolete,9,5.3,350,1395
ndrplz/self-driving-car,9,5.3,14,216
msteinbeck/tinyspline,9,5.3,39,577
madMAx43v3r/chia-plotter,9,4.3,119,1566
leela-zero/leela-zero,9,5.3,20,221
hzqst/VmwareHardenedLoader,9,5.3,72,929
gsliepen/tinc,9,5.3,101,786
gqrx-sdr/gqrx,9,4.3,19,450
google/zopfli,9,5.3,47,319
dariomanesku/cmftStudio,9,4.3,1,4
capstone-engine/capstone,9,4.3,72,954
beark/ftl,9,5.3,0,72
ariya/phantomjs,9,4.7,16,304
VirusTotal/yara,9,4.3,95,678
PortAudio/portaudio,9,4.3,39,225
PJLab-ADG/SensorsCalibration,9,4.3,41,620
LeelaChessZero/lc0,9,5.3,42,409
Genivia/ugrep,9,4.3,101,285
xiph/rnnoise,8,4.3,6,45
wangyu-/udp2raw,8,5.3,24,292
trilinos/Trilinos,8,4.3,10,162
tinyproxy/tinyproxy,8,4.3,12,185
stevemk14ebr/PolyHook_2_0,8,4.3,139,784
pmacct/pmacct,8,5.3,253,2396
openvinotoolkit/openvino,8,5.3,200,1772
open-quantum-safe/liboqs,8,4.3,149,5593
neurobin/shc,8,4.3,2,15
mitsuba-renderer/mitsuba3,8,5.3,79,758
miniupnp/miniupnp,8,4.3,42,192
mgerhardy/vengi,8,5.3,799,4990
meyerd/n2n,8,5.3,13,137
meganz/sdk,8,5.3,492,5720
kokkos/kokkos,8,4.3,10,159
intel/linux-sgx,8,5.3,126,992
idealvin/coost,8,4.3,33,390
google/swiftshader,8,5.3,191,2483
flameshot-org/flameshot,8,4.3,16,883
dgiese/dustcloud,8,4.3,20,192
decaf-emu/decaf-emu,8,4.3,228,2276
bcosorg/bcos,8,5.3,45,1251
aws/aws-iot-device-sdk-embedded-C,8,4.3,282,1743
apple/swift-corelibs-libdispatch,8,5.3,34,516
Studio3T/robomongo,8,5.3,247,1453
OpenEtherCATsociety/SOEM,8,4.3,36,143
JSBSim-Team/jsbsim,8,5.3,88,1192
CloverHackyColor/CloverBootloader,8,5.3,24,268
Bionus/imgbrd-grabber,8,4.3,249,2371
AlexandreRouma/SDRPlusPlus,8,4.3,139,1476
7thSamurai/steganography,8,4.3,17,149
yahoojapan/NGT,7,5.3,22,210
winscp/winscp,7,5.3,29,613
twitter/vireo,7,5.3,16,286
tezc/sc,7,4.3,52,651
tensor-compiler/taco,7,5.3,26,555
rapiz1/DungeonRush,7,5.3,10,126
protocolbuffers/upb,7,4.3,12,451
osmc/osmc,7,5.3,30,201
microsoft/onnxruntime,7,5.3,242,2912
libuv/libuv,7,4.3,110,1024
libjxl/libjxl,7,5.3,164,995
libharu/libharu,7,4.3,30,722
irungentoo/toxcore,7,4.3,47,763
hyperrealm/libconfig,7,5.3,4,127
hpjansson/chafa,7,4.3,86,889
h2o/h2o,7,5.3,92,424
google/brotli,7,4.3,32,298
ggerganov/whisper.cpp,7,4.3,34,227
gbdev/rgbds,7,4.3,60,420
fetlang/fetlang,7,4.3,9,128
eranpeer/FakeIt,7,4.3,4,199
equalsraf/neovim-qt,7,4.3,30,501
cxasm/notepad--,7,4.3,321,2901
boost-ext/di,7,4.3,3,479
babelouest/ulfius,7,5.3,41,225
asmuth/clip,7,4.3,9,456
alibaba/ilogtail,7,4.3,179,1160
WAVM/WAVM,7,4.3,113,3820
ValveSoftware/GameNetworkingSockets,7,5.3,123,713
PCSX2/pcsx2,7,4.3,17,135
EliasOenal/multimon-ng,7,4.3,43,147
Cockatrice/Cockatrice,7,5.3,35,1280
Awesome-HarmonyOS/HarmonyOS,7,4.3,138,1088
AcademySoftwareFoundation/MaterialX,7,4.3,101,1143
wqking/eventpp,6,5.3,1,93
wasm3/wasm3,6,5.3,107,1044
vstakhov/libucl,6,5.3,60,241
scarsty/kys-cpp,6,4.7,39,559
realm/realm-core,6,4.9,24,448
protocolbuffers/protobuf,6,4.9,482,4179
phusion/passenger,6,5.3,54,353
percona/percona-xtrabackup,6,4.3,18,138
percona/percona-server,6,4.3,18,225
oneapi-src/oneDNN,6,4.3,230,1292
ompl/ompl,6,4.3,63,902
ninja-build/ninja,6,5.3,27,598
nextcloud/desktop,6,4.3,300,2643
mysql/mysql-server,6,5.3,18,138
microsoft/winget-cli,6,5.3,97,436
microsoft/AirSim,6,5.3,28,530
meganz/MEGAcmd,6,5.3,335,3064
madler/zlib,6,5.3,29,209
lief-project/LIEF,6,5.3,60,2132
libssh2/libssh2,6,4.3,88,448
libexpat/libexpat,6,4.3,27,296
lexborisov/myhtml,6,5.3,43,607
jonasmr/microprofile,6,4.3,14,170
facontidavide/PlotJuggler,6,4.3,100,3330
curv3d/curv,6,4.3,125,1564
bareos/bareos,6,4.9,14,547
arximboldi/immer,6,4.3,16,288
WasmEdge/WasmEdge,6,4.9,56,1280
TheAlgorithms/C-Plus-Plus,6,5.3,17,996
Tessil/robin-map,6,5.3,0,3
Tencent/mars,6,5.3,227,1335
NatronGitHub/Natron,6,4.3,200,2621
KDE/krita,6,5.3,1,3
KDE/heaptrack,6,5.3,0,3
ArthurSonzogni/Diagon,6,4.3,50,971
tidalcycles/Tidal,5,5.3,6,345
stenzek/duckstation,5,4.3,4,78
solodon4/Mach7,5,5.3,4,45
richgel999/miniz,5,5.3,26,137
qgis/QGIS,5,4.3,392,3763
pytorch/FBGEMM,5,5.3,72,377
peng-zhihui/A-Eye,5,4.9,105,1575
openwrt/openwrt,5,5.3,9,104
obsproject/obs-studio,5,5.3,50,460
mortbopet/Ripes,5,4.9,15,670
microsoft/snmalloc,5,5.3,7,103
microsoft/EdgeML,5,4.3,14,201
libfive/libfive,5,4.3,27,306
lede-project/source,5,5.3,9,104
lava/matplotlib-cpp,5,4.3,0,15
kpu/kenlm,5,4.3,18,487
jmpews/Dobby,5,5.3,13,75
jedisct1/libsodium,5,4.3,23,408
jarro2783/cxxopts,5,5.3,2,5
jarcode-foss/glava,5,5.3,17,127
ivmai/bdwgc,5,5.3,7,57
immortalwrt/immortalwrt,5,4.7,9,104
google/draco,5,4.7,36,367
gnuradio/gnuradio,5,4.3,37,520
gamelinux/passivedns,5,4.3,13,58
foonathan/cppast,5,4.3,50,490
facebook/hhvm,5,4.3,123,892
ethz-asl/okvis,5,5.3,11,156
eclipse/mosquitto,5,4.3,200,745
dev-cafe/cmake-cookbook,5,4.3,0,55
dblalock/bolt,5,4.3,17,65
crownengine/crown,5,4.3,7,150
cisco/libsrtp,5,4.3,21,227
c-ares/c-ares,5,4.3,52,616
bingoogolapple/BGAQRCode-Android,5,5.3,2,6
asterisk/asterisk,5,4.3,19,75
apache/thrift,5,5.3,205,2377
anhttran/3dmm_cnn,5,5.3,3,56
ammarahm-ed/react-native-mmkv-storage,5,4.3,8,182
ZLMediaKit/ZLToolKit,5,4.3,7,364
Z3Prover/z3,5,5.3,146,2917
PurpleI2P/i2pd,5,4.3,86,917
OpenRCT2/OpenRCT2,5,5.3,645,6827
LongSoft/UEFITool,5,4.3,49,544
Lienol/openwrt,5,5.3,9,100
KDE/latte-dock,5,5.3,59,1728
KDE/ghostwriter,5,5.3,49,329
FEX-Emu/FEX,5,4.3,0,55
Entware/Entware,5,4.3,9,104
CodingGay/BlackDex,5,4.3,12,85
AngoraFuzzer/Angora,5,4.3,30,499
AcademySoftwareFoundation/OpenColorIO,5,4.3,363,2828
xiph/LPCNet,4,4.3,15,93
vivien/i3blocks,4,4.3,3,117
troldal/OpenXLSX,4,4.3,26,498
tomhrr/dale,4,5.3,29,456
tizonia/tizonia-openmax-il,4,4.3,57,417
taskflow/taskflow,4,5.3,135,519
stephane/libmodbus,4,4.3,8,106
statsite/statsite,4,4.3,9,418
sogou/workflow,4,4.9,38,1224
signalwire/freeswitch,4,5.3,388,3158
rpclib/rpclib,4,4.3,4,84
qt-creator/qt-creator,4,4.3,22,375
qicosmos/rest_rpc,4,4.3,0,36
pyca/pynacl,4,5.3,23,370
pbek/QOwnNotes,4,4.3,71,689
opentx/opentx,4,5.3,152,1816
mmorise/World,4,5.3,0,221
mikke89/RmlUi,4,5.3,82,1090
microsoft/verona,4,5.3,1,114
microsoft/napajs,4,4.7,0,66
microsoft/ShaderConductor,4,4.3,890,10170
logrotate/logrotate,4,4.9,14,64
lightvector/KataGo,4,5.3,165,1187
libusb/libusb,4,4.3,14,199
libigl/libigl,4,5.3,27,360
kgabis/parson,4,4.3,4,108
jpmens/jo,4,4.3,9,66
jlblancoc/nanoflann,4,5.3,1,34
intel/pcm,4,5.3,82,781
ihhub/fheroes2,4,4.3,250,2801
google/marl,4,5.3,1,54
gnss-sdr/gnss-sdr,4,4.3,137,1445
ggreer/the_silver_searcher,4,4.3,18,72
fragglet/c-algorithms,4,4.3,1,148
foonathan/type_safe,4,5.3,2,49
fmtlib/fmt,4,4.3,8,426
emilk/loguru,4,4.5,1,26
eclipse/paho.mqtt.embedded-c,4,4.3,2,99
dougbinks/enkiTS,4,4.3,3,103
dealii/dealii,4,4.3,209,1756
chris2511/xca,4,4.3,29,918
blechschmidt/massdns,4,4.3,6,57
badaix/snapcast,4,5.3,20,324
arrayfire/arrayfire,4,5.3,20,627
apache/arrow,4,4.3,113,1464
amadvance/snapraid,4,5.3,51,400
alexa/avs-device-sdk,4,5.3,2,33
albertlauncher/albert,4,4.3,7,264
abishekvashok/cmatrix,4,5.3,1,6
ZDoom/gzdoom,4,5.3,164,1013
YosysHQ/nextpnr,4,5.3,7,299
XiaoMi/mace,4,4.3,26,380
ValveSoftware/openvr,4,4.3,16,517
RetroShare/RetroShare,4,4.3,83,1970
RPCS3/rpcs3,4,4.3,12,191
PrismLauncher/PrismLauncher,4,5.3,124,2370
MusicPlayerDaemon/MPD,4,5.3,27,2650
BehaviorTree/BehaviorTree.CPP,4,4.3,10,281
weolar/miniblink49,3,5.3,0,9
vroland/epdiy,3,4.3,4,342
uTensor/uTensor,3,5.3,1,90
the-tcpdump-group/libpcap,3,4.3,39,387
tevador/RandomX,3,4.3,12,236
session-replay-tools/cetus,3,4.3,9,113
rakshasa/libtorrent,3,5.3,26,868
pistacheio/pistache,3,5.3,11,273
o0o0o0o0o0o0o/image-processing-from-scratch,3,5.3,5,69
nghttp2/nghttp2,3,5.3,112,1527
netblue30/firejail,3,5.3,143,819
mobile-shell/mosh,3,5.3,24,287
miek/inspectrum,3,5.3,2,60
lastpass/lastpass-cli,3,4.3,20,301
kmammou/v-hacd,3,5.3,4,28
httperf/httperf,3,5.3,14,156
hluk/CopyQ,3,5.3,73,1861
grame-cncm/faust,3,5.3,2,62
google/liquidfun,3,5.3,17,341
github/securitylab,3,4.3,4,313
fireice-uk/xmr-stak-cpu,3,5.3,3,108
farbrausch/fr_public,3,5.3,3,28
f4exb/sdrangel,3,5.3,341,5409
eventql/eventql,3,4.3,3,28
eigenteam/eigen-git-mirror,3,5.3,2,61
darktable-org/darktable,3,4.3,738,5280
cutelyst/cutelyst,3,4.3,55,647
cubefs/cubefs,3,4.3,36,692
commonmark/cmark,3,4.3,42,230
clangen/musikcube,3,4.3,41,1028
assimp/assimp,3,4.3,93,969
aria2/aria2,3,4.3,6,36
SFML/SFML,3,4.3,18,508
RuntimeCompiledCPlusPlus/RuntimeCompiledCPlusPlus,3,4.3,8,61
KjellKod/g3log,3,4.3,1,52
KikoPlayProject/KikoPlay,3,4.3,112,2206
FASTSHIFT/X-TRACK,3,5.3,191,1346
DanielChappuis/reactphysics3d,3,5.3,22,320
Cocos-BCX/cocos-mainnet,3,5.3,34,85
Cisco-Talos/clamav,3,4.3,32,145
Benjamin-Dobell/Heimdall,3,5.3,0,10
AcademySoftwareFoundation/openvdb,3,4.3,17,284
yedf2/handy,2,5.3,13,127
xmrig/xmrig,2,4.3,49,125
xbmc/xbmc,2,5.3,4,53
vcmi/vcmi,2,4.3,46,1178
tsl0922/ttyd,2,4.3,3,45
trojan-gfw/trojan,2,4.3,8,134
traviscross/mtr,2,5.3,15,176
transmission/transmission,2,5.3,100,1729
strasdat/Sophus,2,4.3,13,38
sparsehash/sparsehash,2,4.3,33,141
slic3r/Slic3r,2,4.3,26,131
skywind3000/kcp,2,5.3,5,30
simsong/tcpflow,2,4.3,24,272
simd-everywhere/simde,2,4.3,657,11864
seetafaceengine/SeetaFace2,2,4.3,27,348
schweikert/fping,2,5.3,6,54
rougier/freetype-gl,2,5.3,7,106
ridiculousfish/libdivide,2,4.3,2,19
qtumproject/qtum,2,4.3,5,39
pybind/pybind11,2,5.3,7,268
plasma-umass/Mesh,2,5.3,2,70
peregrine-lang/Peregrine,2,5.3,27,337
oracle/graaljs,2,4.3,57,475
openscad/openscad,2,4.3,79,969
nokiatech/heif,2,5.3,43,1412
mutouyun/cpp-ipc,2,4.3,1,46
mozilla/DeepSpeech,2,4.3,6,145
microsoft/LightGBM,2,4.3,49,461
mhx/dwarfs,2,4.3,5,22
libcheck/check,2,5.3,17,439
layoutBox/FlexLayout,2,4.3,0,3
laurentkneip/opengv,2,4.3,8,147
kimwalisch/primesieve,2,5.3,13,144
json-parser/json-parser,2,5.3,1,6
json-c/json-c,2,5.3,18,195
jacktrip/jacktrip,2,5.3,22,344
input-leap/input-leap,2,5.3,27,918
inotify-tools/inotify-tools,2,4.3,13,87
haywire/haywire,2,5.3,25,144
haikarainen/light,2,5.3,1,53
google/mathfu,2,5.3,15,58
google/leveldb,2,5.3,27,627
google/highway,2,4.3,4,100
google/gemmlowp,2,4.3,2,72
gnif/LookingGlass,2,4.3,176,589
fukuchi/libqrencode,2,4.3,9,166
fholger/openvr_fsr,2,5.3,24,645
emmericp/ixy,2,5.3,6,60
emcrisostomo/fswatch,2,4.3,1,79
embree/embree,2,4.3,14,269
drogonframework/drogon,2,4.3,91,880
cycfi/elements,2,4.3,6,333
crow-translate/crow-translate,2,4.9,6,287
cjdelisle/cjdns,2,4.3,37,323
cisco-system-traffic-generator/trex-core,2,4.3,15,344
chriskohlhoff/asio,2,4.3,4,294
chenshuo/muduo,2,4.3,10,720
ccache/ccache,2,4.3,162,851
banach-space/llvm-tutor,2,4.3,0,3
arvidn/libtorrent,2,5.3,112,1086
andrewrk/libsoundio,2,4.9,10,128
akheron/jansson,2,4.3,11,156
aguinet/wannakey,2,5.3,0,12
a2o/snoopy,2,4.3,3,165
Tencent/Tendis,2,5.3,45,854
ScanNet/ScanNet,2,4.7,2,23
ReimuNotMoe/ydotool,2,4.3,6,12
RainerKuemmerle/g2o,2,4.3,39,580
RaftLib/RaftLib,2,4.3,3,167
PyMesh/PyMesh,2,4.3,0,3
OpenRC/openrc,2,5.3,46,256
OpenHD/OpenHD,2,4.7,8,412
OGRECave/ogre,2,5.3,136,1826
NLnetLabs/unbound,2,4.7,274,2390
LuxCoreRender/LuxCore,2,5.3,11,201
LukasBanana/LLGL,2,4.3,13,997
KwaiAppTeam/KOOM,2,5.3,7,367
Kobzol/hardware-effects,2,5.3,0,34
JakubVojvoda/design-patterns-cpp,2,4.3,0,24
IronsDu/brynet,2,4.3,2,36
Icinga/icinga2,2,5.3,5,29
HKUST-Aerial-Robotics/VINS-Mobile,2,5.3,142,1293
Ableton/link,2,4.3,2,33
86Box/86Box,2,4.3,4,10
0x90/wifi-arsenal,2,4.3,5,79
yse/easy_profiler,1,4.3,4,110
whoozle/android-file-transfer-linux,1,4.9,14,297
webmproject/libwebp,1,4.3,119,1308
universal-ctags/ctags,1,5.3,6,65
unity3d-jp/MeshSync,1,4.3,3,89
twitter/twemproxy,1,5.3,98,546
twitter/ios-twitter-image-pipeline,1,5.3,119,1300
thewtex/tmux-mem-cpu-load,1,5.3,1,9
tgraf/bmon,1,4.7,18,212
tfhe/tfhe,1,4.7,0,211
strukturag/libheif,1,4.3,28,427
sheredom/subprocess.h,1,5.3,39,57
securesocketfunneling/ssf,1,5.3,4,190
savoirfairelinux/opendht,1,4.3,113,1001
rbock/sqlpp11,1,4.3,2,22
msracver/Deep-Image-Analogy,1,5.3,157,1064
mrtazz/restclient-cpp,1,5.3,0,12
monero-project/monero,1,4.3,2,34
microsoft/GSL,1,4.3,0,13
maharmstone/quibble,1,4.3,84,484
lzfse/lzfse,1,5.3,8,46
lizardfs/lizardfs,1,4.3,142,1501
libffi/libffi,1,4.7,4,54
letscontrolit/ESPEasy,1,5.3,12,58
kcat/openal-soft,1,4.3,79,891
johang/btfs,1,5.3,0,32
jmcnamara/libxlsxwriter,1,5.3,117,881
jeremycw/httpserver.h,1,5.3,10,87
happynear/caffe-windows,1,4.3,192,1210
griddb/griddb,1,5.3,3,35
googleprojectzero/TinyInst,1,5.3,4,118
facebook/rocksdb,1,4.9,57,645
duckdb/duckdb,1,4.3,258,2454
docopt/docopt.cpp,1,4.3,2,23
dmlc/xgboost,1,4.3,23,635
dmlc/dmlc-core,1,4.7,2,54
dlundquist/sniproxy,1,4.3,11,177
dannagle/PacketSender,1,4.3,28,233
csmith-project/creduce,1,4.3,4,40
coqui-ai/STT,1,4.3,6,145
cockpit-project/cockpit,1,4.3,115,1273
cmu-sei/pharos,1,4.3,0,11
cboxdoerfer/fsearch,1,4.3,26,729
bombela/backward-cpp,1,4.3,0,5
andybarry/flight,1,5.3,0,3
alibaba/weex,1,4.3,16,334
alexgkendall/caffe-segnet,1,5.3,126,847
alecthomas/entityx,1,5.3,0,17
aksnzhy/xlearn,1,4.3,0,3
aerys/minko,1,5.3,0,3
VowpalWabbit/vowpal_wabbit,1,4.3,51,541
Tencent/Hippy,1,5.3,235,966
Tencent/GameAISDK,1,5.3,12,243
TartanLlama/expected,1,4.3,1,2
SergiusTheBest/plog,1,4.3,3,40
SVF-tools/SVF,1,4.3,136,1295
PDAL/PDAL,1,4.3,75,1702
MultiMC/Launcher,1,5.3,14,109
MhLiao/TextBoxes_plusplus,1,4.3,256,1342
MaaAssistantArknights/MaaAssistantArknights,1,5.3,18,393
MKXJun/DirectX11-With-Windows-SDK,1,5.3,87,935
MIT-SPARK/TEASER-plusplus,1,5.3,19,105
Luwx/Lightly,1,4.3,42,373
LemonOSProject/LemonOS,1,5.3,18,258
KDAB/GammaRay,1,5.3,0,5
Hopson97/MineCraft-One-Week-Challenge,1,4.3,3,125
CLIUtils/CLI11,1,4.3,0,40
CE-Programming/CEmu,1,5.3,2,17
BVLC/caffe,1,5.3,163,1070
AshampooSystems/boden,1,4.7,9,250
AsPJT/DungeonTemplateLibrary,1,4.3,0,10
ArthurSonzogni/FTXUI,1,4.3,3,385
ARM-software/armnn,1,4.3,12,298
yitter/IdGenerator,0,5.3,1,10
yandex/odyssey,0,5.3,2,166
xemu-project/xemu,0,5.3,10,91
wolfSSL/wolfssl,0,5.3,298,1624
wjakob/nanobind,0,4.3,13,238
wisdompeak/LeetCode,0,4.3,0,2
wilix-team/iohook,0,5.3,4,76
webcamoid/webcamoid,0,4.3,153,4287
wang-xinyu/tensorrtx,0,5.3,1,145
vgough/encfs,0,5.3,5,111
vector-of-bool/pitchfork,0,4.3,0,1
userver-framework/userver,0,5.3,0,1
upx/upx,0,4.3,131,819
unetbootin/unetbootin,0,4.3,12,80
uncrustify/uncrustify,0,4.3,143,676
uber/h3,0,5.3,65,336
tronkko/dirent,0,4.3,11,29
tomahawk-player/tomahawk,0,5.3,0,26
tjko/jpegoptim,0,4.3,0,24
tio/tio,0,4.3,19,67
tiny-dnn/tiny-dnn,0,4.3,4,176
timescale/timescaledb,0,4.3,16,1580
thestk/stk,0,5.3,11,50
thestk/rtaudio,0,4.9,11,64
taocpp/PEGTL,0,4.3,19,245
swoole/swoole-src,0,4.9,14,280
ssloy/tinyrenderer,0,4.3,2,14
ssloy/tinyraytracer,0,4.3,0,7
srdja/Collections-C,0,4.3,5,255
spring/spring,0,4.3,6,78
sony/flutter-embedded-linux,0,4.7,0,2
sonosaurus/sonobus,0,5.3,11,365
sogou/srpc,0,5.3,6,86
sickill/stderred,0,4.3,0,20
shekyan/slowhttptest,0,5.3,5,36
sharkdp/dbg-macro,0,5.3,0,1
sharebrained/portapack-hackrf,0,5.3,25,716
sgan81/apfs-fuse,0,4.9,28,270
serge-sans-paille/frozen,0,4.3,1,4
seetaface/SeetaFaceEngine,0,5.3,4,57
scummvm/scummvm,0,5.3,8,104
scottbez1/splitflap,0,5.3,2,25
ryanhaining/cppitertools,0,5.3,0,36
rtbkit/rtbkit,0,4.3,4,78
rspamd/rspamd,0,4.3,10,101
rogersce/cnpy,0,4.3,0,12
rizonesoft/Notepad3,0,4.7,10,105
rizinorg/cutter,0,5.3,19,1012
rime/librime,0,4.3,0,2
rigtorp/MPMCQueue,0,5.3,1,9
reactos/reactos,0,5.3,3,61
ravynsoft/ravynos,0,5.3,49,383
raspberrypi/pico-sdk,0,5.3,41,478
rapid7/metasploit-payloads,0,5.3,18,52
qicosmos/ormpp,0,5.3,10,12
qemu/qemu,0,5.3,11,127
pytorch/pytorch,0,5.3,2,29
prusa3d/Prusa-Firmware,0,4.3,11,766
protobuf-c/protobuf-c,0,5.3,55,566
project-chip/connectedhomeip,0,4.8,3,14
prabhuomkar/pytorch-cpp,0,4.9,1,105
pothosware/SoapySDR,0,5.3,6,277
pond3r/ggpo,0,4.3,7,95
polybar/polybar,0,4.3,9,657
plibither8/2048.cpp,0,5.3,0,68
pikasTech/PikaPython,0,5.3,15,122
philipl/pifs,0,5.3,0,36
peng-zhihui/ElectronBot,0,5.3,0,9
p12tic/libsimdpp,0,5.3,5,32
oxen-io/lokinet,0,5.3,0,4
otya128/winevdm,0,5.3,213,1433
open62541/open62541,0,5.3,84,913
open-source-parsers/jsoncpp,0,4.3,13,286
nmslib/hnswlib,0,4.3,7,34
ngtcp2/ngtcp2,0,5.3,60,696
ngs-lang/ngs,0,5.3,16,190
ncbi/sra-tools,0,5.3,1,6
nasa/fprime,0,5.3,0,1
nanopb/nanopb,0,4.7,24,188
mkj/dropbear,0,5.3,77,751
mit-dci/opencbdc-tx,0,4.3,14,869
microsoft/xlang,0,5.3,7,143
microsoft/wslg,0,5.3,1,19
microsoft/rDSN,0,5.3,168,701
microsoft/pict,0,5.3,22,169
microsoft/msquic,0,4.3,127,685
microsoft/cppwinrt,0,5.3,1,7
mgbellemare/Arcade-Learning-Environment,0,4.3,18,631
matyhtf/phpx,0,4.9,0,55
marcj/TypeRunner,0,5.3,7,202
mandreyel/mio,0,4.9,1,3
magma/magma,0,4.3,0,3
lvgl/lvgl,0,5.3,183,1335
lsalzman/enet,0,5.3,14,85
lpereira/lwan,0,5.3,37,624
log4cplus/log4cplus,0,4.3,11,306
linyacool/WebServer,0,5.3,4,69
limine-bootloader/limine,0,4.3,1,2
lifting-bits/remill,0,4.3,0,5
libgeos/geos,0,5.3,13,1693
leethomason/tinyxml2,0,5.3,6,128
kokke/tiny-AES-c,0,4.3,0,12
kimci86/bkcrack,0,5.3,5,49
kiibohd/controller,0,4.9,1,72
khizmax/libcds,0,5.3,2,43
juce-framework/JUCE,0,5.3,6,185
jklmnn/imagejs,0,5.3,1,6
jgarff/rpi_ws281x,0,5.3,4,39
jerryscript-project/iotjs,0,4.3,6,159
jedisct1/minisign,0,4.3,1,41
jbeder/yaml-cpp,0,5.3,4,224
ispc/ispc,0,5.3,3,85
inspircd/inspircd,0,4.7,54,1406
includeos/IncludeOS,0,4.7,0,24
ibireme/yyjson,0,5.3,20,84
i3/i3lock,0,5.3,7,41
hydradatabase/hydra,0,5.3,19,83
huihut/interview,0,5.3,0,4
htop-dev/htop,0,5.3,37,456
hosseinmoein/DataFrame,0,4.3,2,25
heavyai/heavydb,0,5.3,10,74
hanickadot/compile-time-regular-expressions,0,4.3,0,5
gulrak/filesystem,0,5.3,0,5
gsass1/NTop,0,4.5,3,50
greatscottgadgets/hackrf,0,4.3,7,376
googleprojectzero/winafl,0,5.3,38,151
google/snappy,0,4.3,10,214
google/skia,0,5.3,0,1
google/oboe,0,5.3,8,392
google/double-conversion,0,4.3,5,99
google/cpu_features,0,4.3,0,45
godotengine/godot-cpp,0,4.3,6,164
gflags/gflags,0,5.3,6,76
gem5/gem5,0,4.3,6,237
gaoxiang12/slambook2,0,4.3,0,4
gaoxiang12/slambook,0,4.9,0,9
gabime/spdlog,0,4.3,0,6
froghui/yolanda,0,4.3,7,132
flybywiresim/a32nx,0,4.3,52,512
flashlight/wav2letter,0,4.3,1,10
file/file,0,4.7,52,279
fholger/vrperfkit,0,4.3,7,354
fastos/fastsocket,0,4.3,0,36
facebookresearch/faiss,0,4.3,0,121
facebookincubator/spectrum,0,4.3,11,306
facebookincubator/gloo,0,5.3,13,140
facebookexperimental/libunifex,0,4.3,4,69
facebook/ThreatExchange,0,5.3,5,59
ethz-adrl/control-toolbox,0,4.5,0,22
espressif/esp-idf,0,4.3,0,1
espressif/ESP8266_RTOS_SDK,0,4.3,0,6
ericniebler/range-v3,0,4.3,2,121
eranif/codelite,0,4.3,3,185
emilybache/GildedRose-Refactoring-Kata,0,4.3,3,4
emil-e/rapidcheck,0,4.3,0,72
dresden-elektronik/deconz-rest-plugin,0,4.3,0,8
dpayne/cli-visualizer,0,4.3,3,65
doyubkim/fluid-engine-dev,0,4.3,25,556
dosbox-staging/dosbox-staging,0,4.3,226,2904
dolphin-emu/dolphin,0,4.3,139,410
dokan-dev/dokany,0,4.3,4,110
dmlc/decord,0,4.5,3,169
dji-sdk/Onboard-SDK,0,4.3,33,644
diasurgical/devilutionX,0,4.3,206,1697
davidrmiller/biosim4,0,4.3,12,83
crosire/blink,0,4.3,4,24
cpputest/cpputest,0,4.3,4,471
cossacklabs/themis,0,4.3,16,283
contour-terminal/contour,0,4.3,0,1
cocos2d/cocos2d-x,0,4.3,0,5
cocos/cocos-engine,0,4.3,13,400
cnr-isti-vclab/vcglib,0,4.3,0,3
clab/dynet,0,4.3,0,327
civetweb/civetweb,0,4.3,0,3
citp/BlockSci,0,4.3,226,3245
cinit/WSAPatch,0,4.3,0,8
chrisant996/clink,0,4.3,2,5
ceres-solver/ceres-solver,0,4.3,95,663
catchorg/Catch2,0,4.3,5,385
catboost/catboost,0,4.3,0,4
carla-simulator/carla,0,4.3,0,5
caozhiyi/CppNet,0,4.3,19,305
bytedance/bhook,0,4.3,19,186
butor/blackbird,0,4.3,1,106
bulletphysics/bullet3,0,4.3,0,34
bryanpkc/corkscrew,0,4.3,1,3
borglab/gtsam,0,4.3,34,225
bootchk/resynthesizer,0,4.3,0,10
boostorg/hana,0,4.3,9,130
boost-ext/ut,0,4.3,0,17
boost-ext/sml,0,4.3,0,1
bolero-MURAKAMI/Sprout,0,4.3,0,4
biometrics/openbr,0,5.3,0,1
benhoyt/inih,0,5.3,1,15
baresip/baresip,0,4.3,54,1017
baidu/BaikalDB,0,5.3,308,2033
baidu/AnyQ,0,5.3,2,155
atcoder/ac-library,0,4.3,0,32
asmjit/asmjit,0,4.3,77,434
apache/mesos,0,4.3,96,3296
apache/incubator-kvrocks,0,4.3,138,1617
android/ndk-samples,0,5.3,0,24
alexliniger/MPCC,0,5.3,1,40
akopytov/sysbench,0,4.3,11,105
akermu/emacs-libvterm,0,4.3,3,43
ajweeks/FlexEngine,0,4.3,2,10
agauniyal/rang,0,5.3,0,1
adnanaziz/EPIJudge,0,4.3,8,397
actor-framework/actor-framework,0,4.3,86,1935
aappleby/smhasher,0,5.3,3,101
Yours3lf/rpi-vk-driver,0,4.7,7,12
Yelp/MOE,0,5.3,10,238
Xilinx/Vitis-AI,0,4.3,8,177
XMuli/QtExamples,0,4.3,0,4
VcDevel/Vc,0,4.3,1,7
ValveSoftware/steam-audio,0,4.3,10,83
USTC-Resource/USTC-Course,0,5.3,5,30
USBGuard/usbguard,0,5.3,17,400
TsudaKageyu/minhook,0,4.3,2,16
TrungNguyen1909/qemu-t8030,0,4.3,11,127
ThrowTheSwitch/Unity,0,4.3,21,115
Tencent/puerts,0,4.3,0,5
Tencent/paxosstore,0,4.3,33,614
Tencent/matrix,0,4.3,3,157
Tencent/libpag,0,5.3,0,3
Taywee/args,0,4.3,0,7
Sysinternals/SysmonForLinux,0,4.3,1,13
Stiffstream/restinio,0,5.3,17,122
Slicer/SlicerGitSVNArchive,0,5.3,18,187
Slicer/Slicer,0,5.3,4,165
Slackadays/Clipboard,0,5.3,3,149
ShiqiYu/libfacedetection,0,5.3,1,26
ShiqiYu/CPP,0,4.3,0,6
SFUMECJF/cmake-examples-Chinese,0,4.3,0,2
RigsOfRods/rigs-of-rods,0,5.3,21,134
RichieSams/FiberTaskingLib,0,4.7,3,57
RedisGraph/RedisGraph,0,4.3,0,45
ReactiveX/RxCpp,0,5.3,0,76
RT-Thread/rt-thread,0,5.3,28,397
RPISEC/MBE,0,4.3,2,62
QBDI/QBDI,0,4.3,0,1
Presburger/qmc-decoder,0,4.3,0,3
PointCloudLibrary/pcl,0,4.3,0,1
PixlOne/logiops,0,4.3,22,440
PaddlePaddle/FastDeploy,0,4.3,10,487
OriginQ/QPanda-2,0,4.3,6,306
OpenTTD/OpenTTD,0,5.3,470,6994
ObKo/stm32-cmake,0,4.3,0,106
NytroRST/ShellcodeCompiler,0,4.3,0,1
Novum/vkQuake,0,4.7,215,1592
NixOS/patchelf,0,5.3,9,46
Neargye/nameof,0,4.3,0,3
Neargye/magic_enum,0,4.3,0,17
NagiosEnterprises/nagioscore,0,5.3,1,8
NVIDIA/VideoProcessingFramework,0,5.3,1,73
NVIDIA-AI-IOT/redtail,0,5.3,1,3
MisterTea/EternalTerminal,0,4.3,20,262
Mesa3D/mesa,0,5.3,1,4
Meituan-Dianping/SQLAdvisor,0,4.3,9,31
McNopper/OpenGL,0,5.3,14,198
MariaDB/server,0,5.3,1,14
Light-City/CPlusPlusThings,0,4.3,0,16
LibRaw/LibRaw,0,5.3,178,567
KhronosGroup/Vulkan-Hpp,0,4.9,68,436
KDAB/codebrowser,0,5.3,1,12
JoseExposito/touchegg,0,4.3,0,113
Intel-Media-SDK/MediaSDK,0,5.3,1,21
ImageMagick/ImageMagick,0,5.3,875,3485
Grive/grive,0,5.3,0,4
Greedysky/TTKMusicPlayer,0,5.3,20,151
GameTechDev/IntroductionToVulkan,0,5.3,4,161
FrictionalGames/AmnesiaAMachineForPigs,0,5.3,11,1175
FortySevenEffects/arduino_midi_library,0,4.3,0,20
FeralInteractive/gamemode,0,4.3,38,134
EasyRPG/Player,0,5.3,0,14
Dobiasd/FunctionalPlus,0,5.3,0,8
DinoZ1729/Ray,0,4.7,0,4
Dav1dde/glad,0,5.3,2,25
DPDK/dpdk,0,5.3,412,5993
Cyan4973/xxHash,0,4.3,5,46
CppCon/CppCon2018,0,4.7,0,20
CppCon/CppCon2016,0,4.3,0,8
CppCon/CppCon2015,0,4.3,0,8
Corvusoft/restbed,0,5.3,130,386
ChaiScript/ChaiScript,0,5.3,1,26
CVCUDA/CV-CUDA,0,4.3,15,117
BYVoid/OpenCC,0,4.7,7,254
Artelnics/opennn,0,4.3,53,1086
ArduPilot/ardupilot,0,4.3,0,3
ApolloAuto/apollo,0,4.3,5,50
Amanieu/asyncplusplus,0,4.3,1,11
Alia5/GlosSI,0,4.3,0,14
AOMediaCodec/libavif,0,4.3,59,256
256dpi/arduino-mqtt,0,4.3,0,16
